msisdn,sim,imsi
1383451614,312388868329724908,312379130410
1383662459,312391322574716137,312344845351
1383382797,312317971986942200,312390154080
1382701643,312333755547152189,312323291679
1386050970,312371129074371076,312322606011
1386072129,312313255290525599,312335791689
1383540016,312368327824633791,312379762336
1384001373,312344728163549051,312395217633
1383222392,312380404705316015,312373019132
1381575254,312352677579604995,312356274983
1383388305,312395607854163079,312351860937
1384849351,312366433088057779,312334931413
1389806994,312333776700281856,312338204542
1387106969,312333632070895977,312334725968
1384296982,312349295364955742,312367936948
1388115572,312396256555564769,312386260885
1389686881,312376609937360859,312336398150
1383608827,312358935671782627,312364660457
1382213251,312322701805225454,312350918015
1385489736,312382578975504016,312311196258
1386134757,312389138395334174,312376253124
1388308457,312315817830573481,312313156904
1385219786,312379210231401904,312377537873
1383192426,312333988656325676,312394512388
1381812592,312357637537783829,312343632574
1384744384,312339221593373672,312316128425
1385695536,312310060984076014,312310839865
1387044940,312314332137483983,312388002752
1384230853,312395301813224593,312349155300
1383404657,312379003823771371,312372720672
1381361996,312370795122891888,312371181231
1388601698,312362629558408746,312362151349
1383985515,312369076489818829,312355416293
1385417139,312356430198715368,312337904085
1382482431,312370630785119157,312370680955
1388123724,312325161071217834,312393855521
1385842379,312310938991075299,312387845818
1387132005,312318688064352671,312328491799
1384786134,312389289526954355,312356676684
1386775391,312339447376304432,312375026743
1381403546,312393960310361758,312346958165
1388898158,312368651989391982,312325124611
1384486199,312347769366134040,312336410042
1382854625,312349482135706332,312345110065
1383786474,312392079707296323,312324771005
1385084285,312354052082646410,312364707125
1382670368,312383303026567378,312336385911
1385904074,312387561058899240,312393087020
1385615868,312353760068995541,312345445205
1389183761,312384119643112905,312339649548
1387238279,312344958170475128,312394692285
1385454496,312329938954676947,312397107210
1382020930,312372747406756040,312393862891
1388378285,312327344323947628,312337492738
1386668410,312368625770156820,312312920067
1387859933,312339358705665880,312332642722
1387053648,312372007916312890,312340597983
1387067136,312346047955526812,312385248901
1384333270,312370682763036200,312333040746
1382205216,312393797187537657,312333235182
1381095962,312392626139017561,312332723606
1384254159,312334287187628538,312352132162
1389522432,312364705601249031,312322493563
1386695906,312319357569600026,312371362569
1383511883,312370743575198622,312398045964
1389233040,312350319401230090,312364106637
1386023052,312322460017192404,312380974851
1382812603,312363409109746823,312355076239
1386790707,312340534066857590,312380251451
1388730929,312370521152376892,312352348641
1385222543,312314489134165130,312389965150
1383913422,312332125350558576,312349801250
1389225351,312342292993107613,312347930238
1387875319,312379031739273860,312392502876
1389100932,312363354232872138,312349452668
1384336183,312332014761084675,312330907660
1383471546,312373087561574169,312340486289
1385400900,312364505899688177,312383968121
1386566143,312326130606822474,312338004990
1386391399,312381110180338888,312381489015
1386733164,312399036422425817,312314975634
1383354091,312316960828269997,312330163677
1382000014,312372745654160346,312390684398
1383922680,312364861539819023,312349059250
1386865350,312398533625682252,312347549272
1386955997,312340622921454780,312335681229
1388276145,312344909568891505,312368304835
1388299021,312395689630197273,312334169579
1381558796,312356116822502414,312391599765
1382749489,312373380342908160,312348973874
1385390417,312347511021918243,312371153481
1388818703,312391799294232999,312319110010
1387049561,312334886424316024,312354448481
1384527962,312375986226029977,312361824050
1386207223,312395414711325035,312349273093
1389901288,312340311437130993,312370443355
1387729079,312389422767790720,312314791057
1389274099,312392237580856811,312317896879
1388259303,312366666382002877,312313037833
1382398540,312313617375948212,312360557757
1384065938,312373790738147027,312366504459
1382836181,312392343845319133,312313825614
1383442961,312320255320279848,312311439350
1381183669,312332579858989256,312335747238
1381386691,312355813389729383,312359311227
1381139918,312327469594082815,312348743362
1383820515,312319512037696562,312360866653
1385516030,312386892791576647,312395152569
1382703726,312388242365965875,312387377976
1385109129,312357821330861417,312360036984
1388663179,312323897469552519,312390760409
1383393280,312313068447246510,312337453506
1382489237,312322525439189456,312366150408
1389503544,312327924323050149,312324594141
1388195538,312310996386476314,312355956735
1386126856,312325543853002277,312399438114
1387309503,312350801066766202,312346316282
1389095580,312383991524840173,312395322460
1384180022,312394261719812231,312361208455
1384051588,312315632752061793,312311647495
1384487469,312354622944042414,312343236639
1389161777,312310795156127419,312384348386
1381288854,312369909050309508,312383634076
1381533026,312370601051464744,312365571472
1385564867,312312880098383961,312324500087
1382892953,312378750315804668,312365917182
1381886897,312327235875354746,312338753064
1388421506,312322562176750229,312373201417
1387636330,312398821264912967,312389070022
1385710378,312390931694139568,312335312897
1389034009,312356869466691596,312370120270
1383118464,312371511561989998,312314860214
1388895808,312381339482231812,312382668611
1382588188,312378890545804881,312349358929
1387822785,312352976318864809,312360959170
1389126328,312382610381297034,312391826367
1387867093,312368733450943293,312365757312
1388326853,312325212969167012,312322924268
1383253221,312349557189726122,312320511165
1385312186,312351942003223316,312363202267
1386257869,312384102453532909,312373295465
1386449587,312381915284011272,312341056905
1383957580,312354325085335374,312373811591
1383435175,312339187765265951,312389548458
1382196556,312319337151736985,312333651721
1382358195,312381432170125170,312379812549
1381905742,312362288316701005,312324960736
1382481382,312366248793311221,312354126014
1382346284,312341491131442333,312372686216
1382753142,312314626029671628,312377449240
1389801113,312351645400504243,312310601534
1385220953,312374165648641598,312381314805
1383050440,312374014075110139,312365914442
1383841536,312318027802085501,312394834234
1382163512,312356954840065198,312332382641
1387499009,312361146618050996,312358423675
1388993946,312358697191183447,312323521359
1387178676,312339838552626029,312354101076
1382392559,312398699332320733,312380306628
1387816591,312343240753656522,312396245986
1385284456,312328024374628640,312343022895
1386606492,312398289740043966,312397746461
1383426662,312386203953480597,312325209931
1381882979,312372632206475953,312397931638
1381535170,312360182059709229,312338514237
1389390789,312310185449947477,312347671329
1386605387,312342565195098861,312395880531
1382762802,312379285462547158,312338497260
1388177435,312361981444694324,312369271255
1384809851,312390918929334588,312348851304
1381293507,312360916424059468,312370319781
1386759658,312393730056263235,312341439845
1384712786,312382781631027354,312371666862
1381554385,312346386186349305,312381832617
1389622169,312345551898285206,312386573153
1382888474,312342480059523273,312343892771
1382487731,312323456728636013,312359374759
1388232763,312325632305899300,312347086902
1388051142,312335280396781191,312375314374
1381429997,312332604375647778,312396280667
1387180959,312353328687109241,312376178560
1388178596,312339719827033355,312357308123
1382819256,312339731939602078,312310508979
1386423746,312393519684156432,312355882821
1382866980,312381616085972341,312384701138
1388997800,312331724271795623,312377466143
1386724826,312338014819930951,312361411221
1385310917,312364922343867692,312336052742
1385537549,312310607921773609,312355431563
1383342444,312376765049758259,312319436500
1389297160,312356077157781850,312360246116
1384377210,312380385729512092,312363605387
1382664190,312320296002928442,312320904074
1381130587,312344181973751173,312357781386
1385159686,312344230689472013,312356708985
1385336799,312318858231203611,312386181968
1381843196,312320865290292461,312347762991
1387509284,312396729107507206,312339997405
1381328192,312360085593460056,312373150159
1386896232,312361364426062624,312313431576
1386553827,312327898039684159,312369060119
1383565388,312315024423697397,312360982219
1382920025,312373552520005902,312340943087
1382577485,312364755409321048,312399366799
1389283603,312352958810700887,312313855244
1383655022,312393523302366201,312336597064
1383112733,312398611916135258,312332061268
1382547832,312357276021176789,312332456746
1385493574,312353602446172957,312356985015
1388880791,312312768701647756,312349309012
1383283724,312348377719739443,312377406982
1388036757,312387232041767025,312332830303
1381863541,312383325574207447,312342095190
1385222808,312369847630905559,312316354262
1385222947,312378744513050193,312386243128
1384878446,312384154755946010,312388433408
1382289354,312333294801346645,312393397790
1387656042,312364931167833724,312377172116
1384252046,312349983526634556,312398821918
1385688976,312362487768851470,312389959716
1381289735,312336968543634506,312347495027
1386229078,312379971166876546,312337746362
1388790303,312373796659921983,312323705947
1385206941,312359250363605799,312344330591
1385743848,312353890553233321,312322553112
1382367666,312341634354747624,312352235646
1385761175,312386417288181934,312344264306
1381724887,312341861872367821,312351049295
1383618720,312324006691372643,312356231639
1381156890,312320036929139955,312374861499
1387095616,312331427446214557,312316868682
1385565349,312358784602767716,312358622722
1382458564,312385509227386559,312398526676
1386105922,312383019869971543,312379416950
1381861756,312336999030652717,312339272593
1385124110,312359242702648469,312390105134
1381754349,312380194022782568,312350369134
1385629641,312338422889796285,312332334928
1382735958,312351426516971052,312343790316
1382240941,312388594901459739,312371536338
1381672970,312351296851404155,312328955125
1381218927,312385715547064924,312341881301
1382448628,312316206155839459,312331576301
1389020326,312364715944746382,312320662293
1389585703,312354846409132850,312340806904
1386675355,312397210900273969,312366823184
1389974703,312347003414203864,312380747810
1389635786,312315304631617436,312384835033
1385890726,312367377396079181,312343797876
1389954957,312367565600814454,312315588687
1382880857,312379971505343542,312377660975
1384174171,312317784771249095,312368642834
1386264989,312325550633265032,312357934252
1388894967,312363424879408413,312332479112
1382398036,312339303942603760,312364305936
1384856001,312371467111284345,312312100857
1383183178,312343628324614372,312384666245
1389650361,312363846510169717,312375100387
1385004341,312323490315891879,312351262777
1382890556,312364828008567863,312342487450
1389610668,312396160809868607,312357242168
1382750052,312342405553620107,312330280913
1386867051,312365186747921924,312335156144
1384488715,312342160388136767,312331003036
1387020459,312395632635224182,312383831565
1388478518,312381734151378742,312384816075
1389832325,312335043717097727,312310255429
1386582257,312338159298824643,312371765602
1383229635,312391421668917194,312389069475
1386453029,312398395281090396,312390192586
1381173360,312329283355676837,312353940834
1386924304,312374587703548398,312364253399
1382030460,312349130147386024,312385165448
1382284027,312369548373762072,312350134838
1385584144,312363366664648930,312321356997
1382994837,312339038432373591,312392591659
1388416255,312351777755532156,312378328567
1386318519,312315742931486146,312392816752
1383329186,312363934954951264,312335482274
1382047208,312323865359784727,312352446170
1387475485,312324448662231774,312389816748
1381760750,312333154447496751,312376761369
1385517417,312314319825038954,312343203215
1387057000,312360284441065835,312368005669
1384772087,312394070929218172,312327903621
1384297288,312376057720890344,312316985417
1388428321,312346632268990378,312326585349
1385989224,312352353375865064,312314751186
1386154794,312371650528244108,312382857416
1382391123,312398973549145378,312372980843
1388603683,312332389195819425,312336194910
1385091737,312360520403468210,312372845685
1388736907,312389492227286615,312352015349
1387250539,312351081787853790,312398451493
1383789994,312397735493521119,312342641507
1382421286,312350513100815207,312353695840
1382444244,312336137479903085,312393956090
1382811490,312380802002349278,312339612029
1384850992,312378649445920346,312386481307
1385859041,312341579008275092,312331332934
1385404511,312328225697927851,312392884595
1386541751,312396913211015385,312364789086
1389760812,312310195530353449,312379972409
1385233919,312394678474205744,312317703725
1387401424,312390182949249881,312379060291
1387910640,312397065392688073,312387056452
1388135692,312368175733478383,312310732376
1381800522,312381527378697573,312346913887
1381528170,312353078763647857,312363417481
1387297744,312333206227787994,312394229792
1383021637,312390395994559362,312369215654
1381555582,312372956643411745,312331236855
1382976936,312371035985053205,312399441917
1389560120,312359622590091183,312339954273
1384858018,312367443675111211,312398937228
1383380201,312365238799777410,312315592916
1385236509,312321046150610290,312397947959
1386082772,312360504140750704,312351654542
1387233095,312329486699243224,312340219583
1389284074,312366094950006150,312389848349
1383141206,312326012514132435,312353302648
1385844097,312391411105792434,312346351210
1381542067,312387582562593468,312359251681
1388725240,312372769856199909,312363292708
1385964016,312356655982904356,312318196338
1387202794,312373528269889010,312342050610
1388498285,312398979487897508,312342552908
1389699578,312387490844248430,312371275167
1381529536,312332979830848957,312330937934
1388094942,312331968570100340,312357752955
1386744456,312392290838736341,312328739178
1382907621,312359680561193365,312345032302
1382212926,312390801421783320,312364014242
1381587248,312365054887633475,312369851869
1389002329,312320175075633011,312318281907
1389692620,312386177207909277,312360628540
1383765853,312398320095263766,312398989205
1389902990,312346499857862074,312311297647
1383969583,312381094984471822,312354511179
1388212811,312384973109984114,312358047584
1383139266,312326738542863395,312347069267
1388884235,312326810376124755,312350724897
1385473213,312370672682863723,312360166068
1386162584,312357587115813081,312360807276
1386988841,312328717881659141,312363977344
1385731230,312365940754889639,312354756461
1387861343,312350253645674956,312353282905
1383811398,312370883096059807,312328470333
1384303982,312329354463158950,312370357034
1385226111,312356418068767303,312316380939
1382219801,312341634241617836,312385368644
1387395820,312361360976353600,312320215832
1382031474,312394694868802528,312334529329
1387698426,312359879804116457,312338766870
1383522036,312365454471005040,312368247756
1386297012,312327499006394532,312354917579
1387456349,312356947213059920,312394508124
1388394752,312317226810821460,312332065987
1381029958,312342339068529915,312352607561
1388754798,312390550208980262,312330590249
1386127716,312357681138299106,312399146284
1388726030,312347612244053978,312354230025
1386327309,312345147524854489,312348969119
1388178286,312398141358012512,312337936848
1388806822,312314710444578185,312372645468
1389878839,312379026014987695,312310755436
1385182833,312344857465552516,312371970297
1389722549,312327313548900935,312377159446
1389459561,312352619972367222,312359807521
1389544548,312389023659750440,312312531857
1386547425,312369404544859041,312370243324
1388641094,312399568224947652,312392769424
1386993104,312372172310439697,312383492384
1383085035,312353635279865396,312370510311
1383659099,312377404830894307,312315031990
1383028836,312381491036607794,312384219236
1388464756,312386992264076992,312346416848
1385115425,312363344673682769,312376307478
1385484494,312345679320822367,312336478159
1382211894,312360523509550973,312350677699
1389254512,312363078722811450,312373911649
1383383586,312311482599923487,312371886577
1385952963,312399122191508068,312333188877
1383462575,312323751534076504,312349678216
1388544947,312324247198198804,312325285397
1383652578,312328741582597453,312312422236
1387590135,312372498889636789,312332890142
1383814407,312318719462267952,312368931202
1389790537,312398771826543047,312372417766
1383045266,312376912198148854,312383555935
1382695800,312322993784585983,312383130737
1387872471,312346407599305800,312368399534
1383088664,312379063450394216,312333253460
1386520818,312327744031245193,312354596861
1381026187,312335221286349056,312349412863
1388358529,312394378705605010,312327527518
1383911865,312343338173578355,312398396661
1385393366,312328537723457871,312337879972
1385620390,312368087551041316,312391699128
1386112862,312313876223473851,312366354781
1386720143,312362237650424900,312314753299
1385606037,312331164836573200,312321932552
1387120471,312339555543424640,312394801379
1385746484,312395495164442291,312389980450
1381911234,312330740253295803,312353417064
1383525203,312335451851698968,312316159056
1387854387,312354894204217177,312364840823
1381407598,312347370427788885,312327937190
1381021371,312396015354805881,312341018728
1381386762,312343223087273666,312388895370
1383656596,312373409485179287,312316593110
1385773530,312384125934382473,312349357559
1385529347,312394477914893462,312375451646
1381890498,312348112709363435,312364206685
1381194177,312365899030536899,312344929708
1383968713,312365543159949715,312346954333
1382641746,312391899069351448,312328327692
1385715349,312346044138140485,312390618790
1381736685,312341183485753467,312333178947
1383638353,312331670805989920,312389687524
1388374545,312390966804685018,312315359380
1381730008,312324908786349081,312353548702
1385404865,312390861093172296,312332600337
1387102491,312324053451740884,312346628544
1383944798,312395676395033499,312399274809
1387920948,312319009338399438,312389473222
1382608335,312316181723558942,312369332525
1381758416,312394929016886154,312379179527
1388391234,312369056804699534,312387194017
1387464430,312357072690988630,312356063420
1389637101,312350078043549756,312322660263
1385120754,312389706794506212,312354625222
1384293266,312378117208853233,312329659062
1386053767,312318410583315836,312373429605
1385755698,312370657014690929,312338540705
1385139954,312381491278644774,312398327793
1381691150,312319520589447049,312329811418
1388963418,312337359699195952,312355293682
1387230460,312326990063090199,312312160121
1389940336,312332506769034157,312356420059
1388717112,312352651066440120,312342613441
1384766298,312341620720161225,312354506033
1383052417,312313056078354629,312333101354
1386018000,312326287423162886,312354478763
1384232105,312397931114897646,312319763585
1386730425,312338782611079532,312378122330
1381114699,312379745295035686,312312477401
1388104770,312362924199152052,312385591997
1384831535,312346910290865638,312364554240
1387821018,312379769423422365,312378273378
1381894232,312321228531106353,312363378343
1385776673,312330669922545124,312381372648
1382603024,312363890250522430,312347517284
1388875084,312321139764313243,312387083494
1388268712,312380767473073107,312388617939
1383295036,312353569807707011,312311708107
1383821028,312338594999745106,312361717064
1381469481,312378788177291973,312353522622
1384443208,312312607612469734,312334117727
1388023654,312322774153613171,312345737771
1387336796,312349448185891865,312323726168
1383650324,312313692424477786,312390785623
1388635779,312380711107265461,312358420026
1388783891,312378412031695886,312389539654
1388705659,312380006645569606,312378911282
1383140603,312352112239319986,312376949763
1384730139,312338156224255107,312384922975
1382405198,312381093871392600,312354540703
1382944665,312388064982695451,312380157897
1389661860,312337077221302018,312325301990
1382701540,312360347954464338,312376540955
1385424429,312390468634981528,312311056770
1382547845,312356324780550533,312377281021
1382016362,312380263578591493,312324212123
1386822195,312398321586154495,312329591594
1385001991,312327946869633389,312335562348
1386489460,312330282370887287,312387734601
1382641332,312322269314652489,312385668009
1383157207,312356746894409364,312399035915
1382250839,312361192398023913,312357355654
1387431064,312333280626443317,312352412142
1382791769,312348920600930455,312364860509
1384367725,312311848893137594,312320038033
1384680300,312318787304189631,312386465696
1381056427,312325213723061517,312367183537
1387607197,312341688734596316,312360872307
1381964932,312380330259214822,312391043608
1382993775,312317926579952491,312357596493
1387715867,312311851449020904,312391071990
1384716403,312397328231592014,312330932165
1381151340,312381938257234324,312378772958
1382941299,312375162179738802,312322432752
1384362278,312390983748502051,312329039157
1383474059,312323953861187090,312342157483
1386208840,312351074798630097,312367956183
1387649848,312345943215986377,312343569808
1388262425,312374440486397636,312375662764
1389569747,312381822317951930,312324730938
1381519422,312383003623869433,312370958357
1381966678,312314954159370380,312340985105
1385522541,312384748267895961,312369854796
1387455730,312334936460924813,312358106696
1387034921,312392983707634267,312364918602
1385813837,312320750804008899,312368794613
1385079855,312361306048489177,312346718168
1382521141,312319633776550757,312325759085
1382958557,312350939943211730,312373868409
1389782785,312312518116345767,312353790066
1385714016,312353562469966485,312350742531
1386780335,312334769703418165,312360974692
1384012013,312377146025050139,312360878778
1389743243,312339756231943096,312369675380
1381201195,312328360814194716,312395955242
1386532567,312322007034971992,312320727396
1383905499,312321909018080105,312345224455
1385922562,312320128628569369,312320651301
1389138792,312397312662729802,312322313575
1385435437,312389545814038242,312356946283
1388786652,312373351313494992,312345342504
1388415856,312350214492132628,312346637974
1387079278,312332047792518328,312349759102
1388206917,312358928592912590,312379852995
1386148045,312379337248794013,312355670203
1382426192,312349830840919063,312319697681
1388632646,312333553186326821,312368794834
1386964922,312394213620290858,312335758668
1383708489,312364335602419533,312344421738
1384553570,312336034440385397,312337862731
1389616003,312355169763911823,312396608759
1387991796,312353908846076516,312334230533
1388597200,312318042785244895,312331825518
1386772989,312351250129960763,312319196213
1383236535,312362851708392871,312396915565
1385465934,312379559545586912,312317870143
1385077551,312393103826027564,312398972152
1384273024,312373222631388919,312343101376
1385945426,312319147151575206,312397339779
1385448726,312355071294611269,312385800925
1388817048,312363547546154683,312355222261
1386329397,312325014100512844,312336640311
1385821751,312392617429734951,312329266519
1381782144,312356250242472737,312363142308
1389780894,312348122098370566,312330458671
1382847977,312329553807363020,312319031452
1383119086,312365613887031574,312356649007
1381369345,312322109224941768,312321118975
1389164720,312332191547187908,312332124056
1384245916,312323855561678667,312362798452
1384880545,312317409376906988,312326223738
1382806183,312319986061484292,312310170577
1383944464,312386641719980347,312399343879
1388864120,312365279752757355,312395148190
1383482999,312333642122846828,312340548988
1382708059,312348421091670914,312366248008
1381371815,312366669479609735,312310289372
1383127790,312330073954892305,312329958230
1387760452,312365743738767375,312331837395
1382662919,312372393361092967,312383678203
1383649519,312338037427817259,312354851545
1381196617,312343130801616920,312368990866
1381014962,312356031837756782,312340438172
1382765069,312383526982145411,312334509684
1388671075,312327952515435673,312352707951
1387084988,312389028719777644,312353099503
1385074256,312395296427481168,312317993141
1385261741,312384345375879226,312380540936
1386788182,312361933618603309,312319713153
1388835046,312360053133748280,312355579568
1384092465,312334683465373717,312337381382
1381662774,312391024361533789,312314074083
1386221969,312397177288982757,312317052159
1382712811,312349486185068396,312349360942
1386109737,312393119465928958,312335323724
1383820873,312339372212454950,312362493771
1383758768,312390084549596507,312335805902
1383228390,312328985817310362,312341823610
1383150327,312315857881974093,312396924775
1381388524,312372634978629927,312340940100
1389976388,312380488219742029,312396386648
1387863609,312371419440168317,312359196477
1389387499,312318261756830385,312383079072
1383646353,312350985994920308,312399255261
1385135708,312354372714741640,312353003794
1387655503,312387429286916413,312379689600
1389882766,312331044322366839,312383955313
1388977993,312355399141811679,312374101067
1381422109,312356054724773400,312338836445
1389592815,312358692729663912,312364771186
1386057631,312342092418243905,312370246830
1386780295,312388077751032066,312320917921
1381928641,312351000835276374,312379661352
1381243652,312389496355709769,312313122418
1384347773,312397794236668551,312369722146
1384155124,312371193275868523,312374820857
1381980619,312394479206616397,312347949012
1384496907,312323143067199532,312393069370
1385337594,312311701284281487,312356597372
1385185273,312346895778466126,312355818182
1382214585,312355423424939723,312377071852
1386162224,312345036859829576,312356379216
1384710448,312384409627901166,312348228096
1389021618,312382684621999243,312392088704
1381672393,312328139765686650,312358729900
1387461486,312326132275141558,312327123145
1386748784,312318766253536287,312321531026
1386103735,312358439180027603,312328556428
1388536000,312314116853246637,312334376949
1382313365,312361884693166822,312390769897
1386236536,312318198162778088,312356087617
1388626035,312384904111485648,312344457960
1389011725,312366210807353421,312386630180
1387418757,312319283875957910,312369956289
1385770689,312315294238253529,312335990647
1385561411,312399086750548424,312340417982
1382381660,312326012507417124,312365155949
1388471954,312380488579787353,312368771681
1386281536,312372896540809468,312395507100
1383388277,312339980522548955,312386903859
1387140652,312393439113810348,312313150431
1389998076,312367027340942607,312344267421
1382981093,312323586696833327,312367077559
1389142463,312320167447059028,312366525713
1388719024,312374554686221243,312378025562
1385927371,312310822512311033,312390305176
1381772369,312352963004599610,312397833538
1389466910,312388867627778912,312319899784
1387005026,312366236704624312,312383033566
1385323621,312376478412383296,312344224172
1383686123,312397358267411897,312324372843
1383430196,312356907728885089,312321405982
1381936316,312344543378335737,312348194176
1387539614,312386601873297666,312389872234
1381787555,312376835933455549,312389623623
1386346664,312393007046364379,312319933602
1388723043,312353372868806187,312344504369
1383811924,312317661961648488,312352739505
1389985577,312321242331366388,312363360813
1389811869,312338931534338109,312378966496
1383154007,312359817745997987,312394223693
1382719229,312358178207711236,312375547743
1389442811,312351266539632509,312348036713
1387204981,312357187802502505,312391472148
1381408134,312324689734801853,312347763866
1386966433,312391026738568351,312349205332
1381341512,312332339842846291,312351350426
1382090274,312325301769311189,312320379270
1384996376,312329325771549965,312311726665
1382775762,312371259242554999,312313625596
1383585820,312359863062794463,312364237858
1382438189,312392721955957579,312374045318
1388141736,312396444915361190,312367062749
1388459651,312331314644473025,312362781224
1386367140,312397346194228738,312358882470
1385086505,312396283359435169,312315428327
1385420949,312384661727634569,312331473455
1385382074,312312517610494501,312387174313
1386051675,312343396131907350,312368623258
1387734966,312335317911291335,312388978159
1386995550,312328667895350100,312342306854
1386705809,312377327814791221,312382124381
1381051364,312321361982574683,312397217352
1381599318,312385476664346043,312327933854
1388486669,312373710439293293,312345138692
1389223533,312378353589567404,312335447449
1383172487,312315132658560059,312345155548
1387863006,312331701767338717,312395218633
1384709346,312398455429589534,312323302596
1383552888,312352389495774797,312372018718
1383024640,312397304888737149,312390464036
1381234309,312348002494241950,312324363907
1382234495,312311378463725259,312381953609
1387327851,312323417843041859,312331085523
1382008886,312313125165254723,312379800423
1382578998,312390054650947906,312322825965
1382801585,312379063556668950,312347517354
1382885360,312315009515649768,312357521684
1388516148,312331760493361802,312375576043
1389165454,312326900299351718,312322643048
1386459869,312385327371095607,312387457252
1381953821,312363150961524224,312350388246
1386463967,312329842240578738,312350926680
1384852245,312361975000060450,312394871446
1387171111,312333850976485651,312369404027
1385416000,312316835648386928,312359216443
1381600985,312396261372970812,312381802983
1387531068,312384596255206014,312327740333
1384384070,312372701084325442,312365940915
1385834741,312370528448849755,312345918395
1389456871,312323698675406620,312332643466
1385127315,312344308596015498,312370674170
1381968873,312324353524889572,312386666992
1383310264,312326735726500758,312370453573
1388329090,312399994546388117,312333063020
1386202528,312397028780174087,312379325576
1386608139,312329999178824412,312361783406
1384722155,312374807858086255,312379463383
1385741316,312344360826173562,312350687304
1388336327,312382697067372077,312324091067
1384610120,312356788707609237,312395112769
1387177817,312378794509130580,312380085432
1387270710,312391799593976959,312393959785
1387184033,312324522862522386,312370676619
1386688249,312381774398433028,312365694839
1381765898,312348471361088210,312387110635
1386317679,312367710042555787,312389887940
1383153510,312321498893752370,312334476010
1388835012,312321807511861805,312394037942
1389776571,312322455720856334,312377830428
1382006485,312348098726039151,312318421748
1383181443,312345086273932710,312342178634
1388904887,312328741672575729,312314817844
1381262342,312387022825131121,312324184996
1385306058,312366258378086024,312337638642
1389743441,312362878008508594,312312805000
1386560320,312372119022447067,312342715908
1388102631,312322532875742841,312372119695
1389086954,312345494311931377,312379853700
1382871868,312366217109446643,312329956566
1386033102,312321800924799723,312319552787
1382698891,312381233733355108,312358793603
1386607233,312344758106599225,312329056333
1389269282,312378625813865011,312353197048
1382483147,312353426969538844,312313156691
1385263907,312360466583728365,312329920820
1388230185,312360986128803058,312323683489
1388349608,312384085212690175,312375926289
1381884594,312378199871574492,312362121230
1386281153,312320475769352096,312345256621
1384259146,312329299458259644,312373970930
1388640583,312338025354226201,312393130029
1384988802,312321605516181910,312385230235
1386870297,312390968514721696,312335187573
1383509361,312377571375065836,312368764093
1385934318,312385462890536401,312347609211
1389398754,312361533593711582,312397959097
1388894076,312383169392250819,312369547095
1383752284,312354228311588939,312347103526
1387496158,312312260805579676,312377459875
1389927661,312398641177773221,312381843318
1386247584,312333564443530980,312331217656
1388068860,312339538121984101,312379373275
1388929956,312384490569269847,312330438798
1381780837,312368344634179024,312367160234
1385411829,312325837362513764,312324619200
1387151603,312325680041193296,312385698360
1386869316,312371442524355362,312344685691
1385885667,312378200076735829,312394359632
1381420230,312387224170198817,312387870028
1381127716,312316144311739111,312355419720
1383081654,312333845963665627,312327492353
1383520415,312338972910279588,312378352920
1385929610,312382520086882449,312377392844
1388239972,312322120426258129,312323033360
1381055705,312362661142545184,312378487672
1388250075,312369823392901759,312356126253
1383000344,312343312820784094,312386411618
1388311225,312373750086462541,312349647919
1382804970,312390741138546535,312375161051
1381941872,312364701844301073,312320183135
1385620374,312364224172674476,312321711668
1389891573,312356374148910270,312343964936
1381295821,312348132326465173,312316243997
1381033784,312366420911279014,312313835704
1384128023,312392472488523955,312321764294
1381522851,312371176350337960,312348075135
1389877010,312344609496047062,312314128422
1386836839,312325466223097381,312327345945
1381875622,312395665338695592,312328729604
1385461909,312312881509393166,312366942998
1382385745,312313853828733678,312367187817
1385219825,312348121114921852,312389270334
1384412993,312329784703967503,312329412734
1383956079,312392388848546510,312387942220
1386781448,312398635736401305,312358518675
1388510733,312337573377858870,312315711897
1381431822,312349978942866518,312396391202
1385741518,312392773579007372,312354610020
1385994872,312362248908264684,312361029602
1381392679,312336257837444516,312358796692
1382800393,312336951250591435,312345101243
1387345510,312338282213997485,312341212529
1389400940,312379858193226100,312356970234
1388495008,312321574707025257,312351146461
1384145956,312396846690012586,312327036169
1387982732,312352963537737059,312357599242
1385807363,312352486198386768,312356308152
1381683417,312372191481965393,312360668012
1383536423,312341347052470857,312348393126
1381089524,312312767008496746,312366511848
1383776525,312386020241300929,312397941513
1387675038,312382081329723731,312385608908
1384371882,312316919162723285,312368161995
1385094002,312314465741511508,312380256851
1381177675,312379382454917952,312344242481
1386319439,312322744629493501,312372705660
1389107726,312379564270614462,312351958557
1384434952,312325660112303186,312348991475
1381075146,312382410514195350,312312136002
1388176893,312328959499277331,312358742126
1383584218,312354661209635877,312319368265
1389398702,312367828133358563,312398623585
1381478006,312365661060271457,312396054048
1381992532,312393088958753191,312356789806
1389046592,312396532205856022,312314523829
1389960941,312325285729663572,312312492712
1387432594,312379675663216370,312380629949
1386062639,312329853598681840,312369332843
1386723004,312391617707119613,312354125011
1385700682,312313002097917231,312364905292
1382864336,312396180253445513,312345392567
1381548118,312335974688036569,312339820565
1382443726,312321234929006126,312396573871
1388295363,312322793272003450,312349340467
1389669205,312336021043863458,312331684039
1385423212,312326385305420157,312320985894
1383738594,312326395133140512,312372750637
1387791888,312357645504896278,312329828827
1381421386,312397413850637896,312372521874
1385995712,312377807495515466,312345511253
1388528787,312352041224638639,312381324559
1385883213,312368431849111784,312374049757
1388591682,312332934421714391,312310105837
1388665933,312388900767790689,312357255096
1384444488,312335067950912440,312396499704
1387957646,312325209529685269,312342492424
1383178075,312396335947167208,312360547017
1386523155,312358227584130283,312395072711
1383979941,312316319896598613,312354487428
1381021617,312389637141004260,312357431522
1385628303,312395472478670734,312365786308
1385034567,312353119958156494,312371637352
1387534447,312333221205452563,312360510524
1385858563,312383904902472174,312311889193
1389610011,312354932059006482,312362503068
1387573210,312319220400331595,312357603731
1381163746,312342705338053562,312385586770
1383004481,312378883642718136,312345906776
1387391060,312376215327778663,312321655076
1384320964,312337103241518755,312393300920
1388755594,312361709448840573,312352043882
1389493996,312363167845650295,312337447314
1384628556,312338888585505513,312337291342
1388248086,312397413171973196,312323471488
1385342191,312338442715389090,312324416812
1389917762,312392602466681839,312340682825
1386006056,312336434146765479,312394216431
1388690067,312335713896048220,312315649391
1384217458,312383966897786154,312310145804
1389072229,312333139273282490,312316949482
1382438319,312314893037700528,312384356180
1389499844,312339899909848338,312377158005
1387938853,312342094641938926,312380991978
1386088251,312355340245414352,312376212373
1382178712,312348443566540774,312343722161
1389218680,312378254286731966,312352820094
1384060212,312393856646279708,312374137628
1388837155,312316066798643685,312319420080
1389540415,312316696324557432,312359258864
1385639110,312340038064584437,312376694335
1383849070,312325378902449948,312340902147
1386726954,312349765550131697,312385137887
1389125942,312321101978480315,312331939064
1382574598,312354485456940493,312324593604
1384245559,312374929708185137,312378893624
1387179780,312334040566369932,312332390934
1389969089,312318646122736939,312317315804
1386953999,312383029344955874,312358665356
1388810376,312354937519510685,312356798975
1382903086,312345626930060465,312393626239
1386693730,312399751359632036,312330608723
1381709581,312337717533236428,312331815335
1385738610,312351398005423659,312339454612
1387301074,312347311935519108,312320733889
1389958933,312361266963981657,312316234593
1388614328,312324915209324126,312318966799
1382693780,312365296109305657,312371940718
1384450181,312351743643243533,312349660693
1381800500,312340837714962591,312330167772
1389257026,312386844471033203,312369910634
1383434566,312325733265971888,312333733507
1383043934,312395860959313137,312351003687
1382626158,312353292239302349,312392228824
1384700160,312390084873857688,312391887628
1388304441,312338999833166480,312345679646
1381728754,312315901690907228,312374510256
1386107429,312399205395366760,312366566004
1384405443,312327159044044704,312389559477
1384627496,312381456773834990,312323410455
1385401577,312368181753354219,312327761703
1385525925,312392048985526262,312384536560
1383383796,312349990930710110,312393861916
1389171580,312375896519892705,312357051925
1384772120,312373564218125177,312374467217
1383746906,312379551474904863,312372969138
1384168983,312388475921816663,312315832626
1385873259,312371562626481364,312361105290
1387999770,312398956211345372,312331099114
1381073306,312350830453370127,312354535239
1384203025,312325564553850540,312366875066
1382608476,312393381859498205,312395073398
1388859185,312324260807569426,312388954891
1389097785,312356847234275302,312359786434
1389199506,312386253355352770,312311784281
1382854003,312313562470312521,312317827173
1388847526,312326032938455505,312348305235
1385970371,312342276570096225,312310667380
1389203867,312387362400962436,312339218062
1384645677,312340515940939235,312335411369
1383822150,312388310719436239,312317918878
1388189133,312325644407949397,312318628302
1382903817,312354337712555940,312399033449
1388804909,312358440985562403,312392340578
1389027829,312399771762723917,312371202128
1383403217,312376138612298844,312374858007
1386638674,312390177922457731,312379985758
1386504274,312371192989081193,312376491150
1382417573,312374376335596078,312343337848
1382031341,312382922947125760,312366623606
1381015474,312385349567539875,312346470947
1388945497,312322416866164093,312338058096
1385936907,312329034670831284,312323569608
1389555640,312373633152671839,312388421031
1384840142,312350918387801240,312355728262
1388694160,312389309224578476,312361258670
1383697507,312318775349552963,312320034042
1386968496,312315548245322241,312335229601
1383536632,312370806866991754,312311052196
1387324101,312312958575761387,312395437310
1383459724,312318122717683678,312313448929
1389118637,312364006850673692,312317283213
1383453888,312356034801469683,312392602076
1383546614,312332724357676484,312344968359
1389435456,312362645065525293,312368726629
1386482919,312323182638833084,312371568812
1385344281,312347798276803195,312336338584
1388544231,312365607868310558,312354329201
1381313542,312316733496084908,312350860873
1382787547,312346811221857269,312395564680
1386873772,312359147651644923,312395238058
1383329619,312346397966056473,312342633032
1389267842,312323532832460884,312329283659
1382235084,312316959243663016,312358718100
1384264635,312391593345640320,312310209070
1388749579,312375121705718493,312393806144
1385920076,312311506350120373,312376156349
1383369308,312353794368725516,312357583599
1382977094,312314405477856475,312335511542
1388093513,312389006919887329,312313834792
1387401706,312333135162517352,312316146760
1382480131,312333238783660298,312364623129
1387258784,312369719663268618,312319773376
1387643777,312317323873303280,312399982277
1386574937,312345690272011404,312331645467
1387751436,312385983836165165,312318611083
1384982602,312318670949870103,312377248632
1386802985,312313094806009872,312313307244
1387749583,312369850094068825,312328989662
1386075489,312385779283583732,312310375278
1381231775,312364117415339107,312386706736
1389021785,312383247292127754,312351043218
1386448271,312325122674588557,312365183842
1381908094,312318930286494754,312367919114
1382029282,312312381920349582,312349221593
1386211269,312387096312682415,312384314675
1386484819,312326397605682868,312373534577
1388252832,312335716318523420,312370213528
1389444061,312373716024537221,312384147236
1389620351,312325942843457339,312372092911
1385462338,312397655411593094,312323466542
1385152443,312334705255917107,312348513887
1387620860,312315268556793233,312396465359
1383881638,312372093636567312,312346681647
1389535135,312337660534028161,312333787072
1385003857,312319299355130003,312391012487
1384020778,312339862247490892,312326500020
1381364863,312385890351911045,312394732281
1387840611,312365484973496693,312378289135
1389123871,312343104946425684,312331340913
1385170131,312375764338183979,312367982251
1389148279,312392022398107116,312392015954
1383206653,312333179208715086,312329460154
1381762116,312327977866252585,312388004080
1388131902,312379018880121749,312324635552
1384741987,312351576341399535,312347418107
1386781450,312392837542159949,312393075774
1384199565,312378648583128597,312356475841
1382540317,312349816451361852,312375045304
1384108555,312384909674876002,312334992279
1384202391,312338815925615240,312324203258
1382778244,312350347458223117,312314605968
1384052094,312372339062525327,312324564887
1388291255,312383082968422465,312370555703
1388795983,312367985057700727,312370440039
1388809007,312335993910030469,312334661990
1388113577,312327203722494023,312353466718
1387937113,312359334377563892,312367448628
1388816470,312370502227204646,312314693752
1387290709,312342291935720036,312341071873
1388059355,312385137323510129,312383174603
1389949038,312376141421895255,312383753230
